{
    "showCompletedTasks": true,
    "backgroundColor": {
        "r": 0.210999995470047,
        "g": 0.2070000022649765,
        "b": 0.41999998688697817,
        "a": 4.0
    },
    "navbarColor": {
        "r": 0.14900000393390656,
        "g": 0.14499999582767487,
        "b": 0.36000001430511477,
        "a": 4.0
    }
}