{
    "showCompletedTasks": true,
    "backgroundColor": {
        "r": 0.21176472306251527,
        "g": 0.20784315466880799,
        "b": 0.4274510145187378,
        "a": 10.0
    },
    "navbarColor": {
        "r": 0.14901961386203767,
        "g": 0.14509804546833039,
        "b": 0.3607843220233917,
        "a": 10.0
    }
}