{
    "showCompletedTasks": true,
    "backgroundColor": {
        "r": 1.0,
        "g": 0.0896226167678833,
        "b": 0.0896226167678833,
        "a": 1.0
    }
}